<!-- This is a generated file.  Do not manually edit this and commit changes. -->

<resources xmlns:tools="http://schemas.android.com/tools">
	<string name="zoom_accessibility_cancel_button">Cancel</string>
	<string name="zoom_accessibility_torch_button">Toggle Light</string>

	<string name="zoom_action_ok">OK</string>
	<string name="zoom_action_im_ready">I\'M READY</string>
	<string name="zoom_action_select_id_card">PHOTO ID</string>
	<string name="zoom_action_select_passport">PASSPORT</string>
	<string name="zoom_action_take_photo">TAKE PHOTO</string>
	<string name="zoom_action_retake_photo">RETAKE</string>
	<string name="zoom_action_accept_photo">ACCEPT</string>

	<string name="zoom_camera_permission_header">Enable Camera</string>
	<string name="zoom_camera_permission_message_enroll">Please enable\nyour selfie camera.</string>
	<string name="zoom_camera_permission_message_auth">Your camera permissions are disabled. Tap below to edit your settings.</string>
	<string name="zoom_camera_permission_enable_camera">ENABLE CAMERA</string>
	<string name="zoom_camera_permission_launch_settings">LAUNCH SETTINGS</string>

	<string name="zoom_feedback_center_face">Center Your Face</string>
	<string name="zoom_feedback_face_not_found">Frame Your Face</string>
	<string name="zoom_feedback_face_not_looking_straight_ahead">Look Straight Ahead</string>
	<string name="zoom_feedback_face_not_upright">Hold Your Head Straight</string>
	<string name="zoom_feedback_hold_steady">Hold Steady</string>
	<string name="zoom_feedback_move_phone_away">Move Away</string>
	<string name="zoom_feedback_move_phone_closer">Move Closer</string>
	<string name="zoom_feedback_move_phone_even_closer">Even Closer</string>
	<string name="zoom_feedback_move_phone_to_eye_level">Raise Camera Up To Eye Level</string>
	<string name="zoom_feedback_use_even_lighting">Light Face More Evenly</string>

	<string name="zoom_idscan_type_selection_header">Select Your\nID Document Type</string>
	<string name="zoom_idscan_capture_tap_to_focus_message">Tap Screen To Focus</string>
	<string name="zoom_idscan_capture_hold_steady_message">Please Hold Steady</string>
	<string name="zoom_idscan_capture_passport_instruction_message">Show Passport Photo Page</string>
	<string name="zoom_idscan_capture_id_card_front_instruction_message">Show Front of Photo ID</string>
	<string name="zoom_idscan_capture_id_card_back_instruction_message">Show Back of Photo ID</string>
	<string name="zoom_idscan_review_passport_instruction_message">Confirm Photo is Clear &amp; Legible</string>
	<string name="zoom_idscan_review_id_card_front_instruction_message">Confirm Photo is Clear &amp; Legible</string>
	<string name="zoom_idscan_review_id_card_back_instruction_message">Confirm Photo is Clear &amp; Legible</string>

	<string name="zoom_instructions_header_ready">Get Ready For\nYour Video Selfie</string>
	<string name="zoom_instructions_message_ready">Please Frame Your Face In\nThe Small Oval, Then The Big Oval</string>

	<string name="zoom_result_facemap_upload_message">Uploading\nEncrypted\n3D FaceMap</string>
	<string name="zoom_result_success_message">Success</string>
	<string name="zoom_result_idscan_upload_message">Uploading\nEncrypted\nID Scan</string>
	<string name="zoom_result_idscan_unsuccess_message">ID Photo\nDid Not Match\nUser\'s Face</string>

	<string name="zoom_retry_header">Let\'s try that again</string>
	<string name="zoom_retry_subheader_message">But first, please take a look at your photo and correct your environment.</string>
	<string name="zoom_retry_instruction_message_1">Neutral Expression, No Smiling</string>
	<string name="zoom_retry_instruction_message_2">No Glare or Extreme Lighting</string>
	<string name="zoom_retry_instruction_message_3"/>
	<string name="zoom_retry_your_image_label">Your Selfie</string>
	<string name="zoom_retry_ideal_image_label">Ideal Pose</string>

</resources>
